sstart,ssample_end_date,rmse,mae,mad,r_sq,selected_features
0,2012-08-01,0.0001503737646950582,0.00013859294444444525,0.00013859294444444525,0.9912248065831654,"['target', 'EX_ENER_BP_new', 'IPPI_METAL_CAN_lag2', 'TSX_LO_lag1', 'TBILL_6M.Bank_rate_lag1', 'EOIL_BP_new', 'G_AVG_3.5.Bank_rate_lag2', 'G_AVG_5.10.Bank_rate_lag3']"
1,2012-09-01,0.00014774948441336955,0.00013569983333333395,0.00013569983333333395,0.9925107565801196,"['target', 'EX_ENER_BP_new', 'IPPI_METAL_CAN_lag2', 'TSX_LO_lag1', 'G_AVG_3.5.Bank_rate_lag2', 'TBILL_6M.Bank_rate_lag1', 'G_AVG_5.10.Bank_rate_lag2', 'G_AVG_5.10.Bank_rate_lag3']"
2,2012-10-01,0.00015172120950578436,0.0001433160555555555,0.0001433160555555555,0.9938791159073654,"['target', 'IPPI_METAL_CAN_lag2', 'EX_ENER_BP_new', 'TSX_LO_lag1', 'TBILL_6M.Bank_rate_lag1', 'G_AVG_3.5.Bank_rate_lag2', 'TSX_HI', 'WTISPLC']"
3,2012-11-01,0.00011906094196001681,0.00010249970237837952,0.00010249970237837952,0.9969327868766976,"['target', 'IPPI_METAL_CAN_lag2', 'EX_ENER_BP_new', 'TSX_LO_lag1', 'G_AVG_3.5.Bank_rate_lag2', 'TBILL_6M.Bank_rate_lag1', 'WTISPLC', 'G_AVG_5.10.Bank_rate_lag3']"
4,2012-12-01,0.00012825107005863578,0.00011960111111111061,0.00011960111111111061,0.9969327868766976,"['target', 'IPPI_METAL_CAN_lag2', 'EX_ENER_BP_new', 'TSX_LO_lag1', 'G_AVG_3.5.Bank_rate_lag2', 'TBILL_6M.Bank_rate_lag1', 'G_AVG_5.10.Bank_rate_lag3', 'EX_METAL_BP_new']"
5,2013-01-01,0.00025347628384945933,0.00020014043499999852,0.00020014043499999852,0.9930837914608673,"['target', 'EX_ENER_BP_new', 'IPPI_METAL_CAN_lag2', 'TSX_LO_lag1', 'G_AVG_3.5.Bank_rate_lag2', 'TBILL_6M.Bank_rate_lag1', 'EX_METAL_BP_new', 'Exp_BP_new']"
6,2013-02-01,0.00020275285135210386,0.0001775425714285712,0.0001775425714285712,0.9950447839551348,"['target', 'EX_ENER_BP_new', 'IPPI_METAL_CAN_lag2', 'TSX_LO_lag1', 'G_AVG_3.5.Bank_rate_lag2', 'EOIL_BP_new', 'TBILL_6M.Bank_rate_lag1', 'G_AVG_5.10.Bank_rate_lag3']"
7,2013-03-01,0.00020665236707894915,0.00019566133333333248,0.00019566133333333248,0.9954737691684218,"['target', 'EX_ENER_BP_new', 'G_AVG_3.5.Bank_rate_lag2', 'TSX_LO_lag1', 'IPPI_METAL_CAN_lag2', 'G_AVG_5.10.Bank_rate_lag3', 'G_AVG_5.10.Bank_rate_lag2', 'TBILL_6M.Bank_rate_lag1']"
8,2013-04-01,0.00021896077675060733,0.00015360041666666614,0.00015360041666666614,0.9915821525358705,"['target', 'EX_ENER_BP_new', 'G_AVG_3.5.Bank_rate_lag2', 'IPPI_METAL_CAN_lag2', 'TSX_LO_lag1', 'G_AVG_5.10.Bank_rate_lag2', 'G_AVG_5.10.Bank_rate_lag3', 'TBILL_6M.Bank_rate_lag1']"
9,2013-05-01,0.00019251014525011756,0.00013378244444444345,0.00013378244444444345,0.988127842251529,"['target', 'EX_ENER_BP_new', 'TSX_HI_lag1', 'TSX_LO_lag1', 'loan_lag3', 'EX_METAL_BP_new', 'IPPI_METAL_CAN_lag2', 'Army']"
10,2013-06-01,0.0005374050206656618,0.00035340549055555467,0.00035340549055555467,0.9699997993912278,"['target', 'EX_ENER_BP_new', 'Army', 'TSX_LO_lag1', 'TSX_HI_lag1', 'loan_lag3', 'Army_lag1', 'EX_METAL_BP_new']"
11,2013-07-01,0.00022558572375835258,0.00018959100833333253,0.00018959100833333253,0.9966979157478173,"['target', 'EX_ENER_BP_new', 'Army', 'EX_METAL_BP_new', 'G_AVG_3.5.Bank_rate_lag2', 'loan_lag3', 'Army_lag1', 'G_AVG_5.10.Bank_rate_lag3']"
12,2013-08-01,0.00026534237827828593,0.00024239083333332743,0.00024239083333332743,0.9962697830171275,"['target', 'EX_ENER_BP_new', 'G_AVG_3.5.Bank_rate_lag2', 'EX_METAL_BP_new', 'EMP_MANU_CAN', 'G_AVG_5.10.Bank_rate_lag2', 'CAN_SEC_NETFLOW', 'TBILL_6M.Bank_rate_lag1']"
13,2013-09-01,0.00023488201423983805,0.0002164473044444466,0.0002164473044444466,0.9953082372863997,"['target', 'G_AVG_3.5.Bank_rate_lag2', 'EX_ENER_BP_new', 'EX_METAL_BP_new', 'G_AVG_5.10.Bank_rate_lag2', 'G_AVG_3.5.Bank_rate_lag1', 'G_AVG_3.5.Bank_rate_lag3', 'G_AVG_5.10.Bank_rate_lag3']"
14,2013-10-01,0.00022736876084355722,0.00019876144444444088,0.00019876144444444088,0.9957595249014357,"['target', 'EX_ENER_BP_new', 'G_AVG_3.5.Bank_rate_lag2', 'EX_METAL_BP_new', 'G_AVG_5.10.Bank_rate_lag2', 'EMP_MANU_CAN', 'G_AVG_3.5.Bank_rate_lag1', 'G_AVG_5.10.Bank_rate_lag3']"
15,2013-11-01,0.00015841105414407896,0.00013112458333333141,0.00013112458333333141,0.9969327868766976,"['target', 'EX_ENER_BP_new', 'G_AVG_3.5.Bank_rate_lag2', 'EMP_MANU_CAN', 'G_AVG_5.10.Bank_rate_lag2', 'TSX_LO_lag1', 'Army', 'G_AVG_5.10.Bank_rate_lag3']"
16,2013-12-01,0.0006893690430230696,0.0004835116944444452,0.0004835116944444452,0.9710692656151074,"['target', 'EX_ENER_BP_new', 'G_AVG_3.5.Bank_rate_lag2', 'EMP_MANU_CAN', 'G_AVG_5.10.Bank_rate_lag2', 'TSX_LO_lag1', 'G_AVG_5.10.Bank_rate_lag3', 'UNEMP_DURA_1.4_CAN']"
17,2014-01-01,0.0006893690430230696,0.0004835116944444452,0.0004835116944444452,0.9645377260545436,"['target', 'EX_ENER_BP_new', 'G_AVG_3.5.Bank_rate_lag2', 'TSX_LO_lag1', 'G_AVG_5.10.Bank_rate_lag2', 'UNEMP_DURA_1.4_CAN', 'Army', 'G_AVG_5.10.Bank_rate_lag3']"
18,2014-02-01,0.0006893690430230696,0.0004835116944444452,0.0004835116944444452,0.9714243582934687,"['target', 'EX_ENER_BP_new', 'G_AVG_3.5.Bank_rate_lag2', 'TSX_LO_lag1', 'UNEMP_DURA_1.4_CAN', 'G_AVG_5.10.Bank_rate_lag2', 'Army', 'TBILL_6M.Bank_rate_lag1']"
19,2014-03-01,0.00021134478164214134,0.0001703296944444452,0.0001703296944444452,0.9950724087033845,"['target', 'EX_ENER_BP_new', 'TSX_LO_lag1', 'G_AVG_3.5.Bank_rate_lag2', 'Army', 'TBILL_6M.Bank_rate_lag1', 'UNEMP_DURA_1.4_CAN', 'TSX_HI_lag1']"
20,2014-04-01,0.00011906094196001681,0.00010249970237837952,0.00010249970237837952,0.9969327868766976,"['target', 'EX_ENER_BP_new', 'TSX_LO_lag1', 'G_AVG_3.5.Bank_rate_lag2', 'TSX_HI', 'G_AVG_3.5.Bank_rate_lag3', 'G_AVG_5.10.Bank_rate_lag2', 'G_AVG_5.10.Bank_rate_lag3']"
21,2014-05-01,0.00014744552958949323,0.00012444511111111192,0.00012444511111111192,0.994965184444624,"['target', 'EX_ENER_BP_new', 'G_AVG_3.5.Bank_rate_lag2', 'TSX_LO_lag1', 'TSX_HI_lag1', 'G_AVG_5.10.Bank_rate_lag2', 'G_AVG_3.5.Bank_rate_lag3', 'Army']"
22,2014-06-01,0.00012888816034598068,0.00010249970237837952,0.00010249970237837952,0.9966924817742707,"['target', 'EX_ENER_BP_new', 'TSX_HI_lag1', 'Army', 'TSX_LO_lag1', 'TBILL_6M.Bank_rate_lag1', 'EX_METAL_BP_new', 'IPPI_MACH_CAN_lag1']"
23,2014-07-01,0.00014556050478210675,0.00012075263111111163,0.00012075263111111163,0.9935427106969819,"['target', 'EX_ENER_BP_new', 'TSX_HI_lag1', 'Army', 'TSX_LO_lag1', 'EX_METAL_BP_new', 'G_AVG_3.5.Bank_rate_lag2', 'TBILL_6M.Bank_rate_lag1']"
24,2014-08-01,0.00012483050500893979,0.00010249970237837952,0.00010249970237837952,0.9954881489556842,"['target', 'EX_ENER_BP_new', 'TSX_HI_lag1', 'Army', 'TSX_LO_lag1', 'IPPI_MACH_CAN_lag1', 'EX_METAL_BP_new', 'TBILL_6M.Bank_rate_lag1']"
25,2014-09-01,0.0001266666272350541,0.00010249970237837952,0.00010249970237837952,0.9969327868766976,"['target', 'EX_ENER_BP_new', 'TSX_HI_lag1', 'Army_lag1', 'TSX_LO_lag1', 'TBILL_6M.Bank_rate_lag1', 'G_AVG_3.5.Bank_rate_lag2', 'IPPI_MACH_CAN_lag1']"
26,2014-10-01,0.00013234669665511422,0.00011030808333333294,0.00011030808333333294,0.9969327868766976,"['target', 'EX_ENER_BP_new', 'Army_lag1', 'TSX_HI_lag1', 'TBILL_6M.Bank_rate_lag1', 'IPPI_MACH_CAN_lag1', 'TSX_LO_lag1', 'EX_METAL_BP_new']"
27,2014-11-01,0.00011906094196001681,0.00010249970237837952,0.00010249970237837952,0.9969327868766976,"['target', 'EX_ENER_BP_new', 'TSX_HI_lag1', 'TBILL_6M.Bank_rate_lag1', 'G_AVG_3.5.Bank_rate_lag2', 'Army_lag1', 'IPPI_MACH_CAN_lag1', 'EX_TRANSP_BP_new_lag2']"
28,2014-12-01,0.00011906094196001681,0.00010249970237837952,0.00010249970237837952,0.9969327868766976,"['target', 'EX_ENER_BP_new', 'TBILL_6M.Bank_rate_lag1', 'TSX_HI_lag1', 'Army_lag1', 'G_AVG_3.5.Bank_rate_lag2', 'CAN_EQTY_NETFLOW_lag1', 'IPPI_ENER_CAN']"
29,2015-01-01,0.0001691125741678826,0.00012858891666666768,0.00012858891666666768,0.9967543634599283,"['target', 'EX_ENER_BP_new', 'CAN_EQTY_NETFLOW_lag1', 'G_AVG_3.5.Bank_rate_lag2', 'TSX_HI_lag1', 'EX_METAL_BP_new', 'TBILL_6M.Bank_rate_lag1', 'Army_lag1']"
30,2015-02-01,0.00011906094196001681,0.00010249970237837952,0.00010249970237837952,0.9969327868766976,"['target', 'EX_ENER_BP_new', 'CAN_EQTY_NETFLOW_lag1', 'EX_METAL_BP_new', 'CAN_US_SEC_NETFLOW_lag1', 'TSX_HI_lag1', 'IPPI_MACH_CAN_lag1', 'TBILL_6M.Bank_rate_lag1']"
31,2015-03-01,0.00011906094196001681,0.00011709782666666712,0.00011709782666666712,0.9969327868766976,"['target', 'EX_ENER_BP_new', 'CAN_EQTY_NETFLOW_lag1', 'CAN_US_SEC_NETFLOW_lag1', 'IPPI_MACH_CAN_lag1', 'EX_TRANSP_BP_new_lag2', 'TBILL_6M.Bank_rate_lag1', 'IPPI_MACH_CAN_lag2']"
32,2015-04-01,0.0001393851027577005,0.00013720108888888856,0.00013720108888888856,0.9951925867093278,"['target', 'EX_ENER_BP_new', 'CAN_US_SEC_NETFLOW_lag1', 'CAN_EQTY_NETFLOW_lag1', 'IPPI_MACH_CAN_lag1', 'IPPI_MACH_CAN_lag2', 'TBILL_6M.Bank_rate_lag1', 'TSX_HI_lag1']"
33,2015-05-01,0.0001377836881640158,0.00012361220888888844,0.00012361220888888844,0.9969327868766976,"['target', 'EX_ENER_BP_new', 'CAN_EQTY_NETFLOW_lag1', 'TBILL_6M.Bank_rate_lag1', 'CAN_US_SEC_NETFLOW_lag1', 'IPPI_MACH_CAN_lag1', 'IPPI_MACH_CAN_lag2', 'TBILL_6M.Bank_rate']"
34,2015-06-01,0.0003489728424915928,0.0003242555583333313,0.0003242555583333313,0.9826319311302678,"['target', 'TBILL_6M.Bank_rate_lag1', 'IPPI_MACH_CAN_lag2', 'IPPI_MACH_CAN_lag1', 'EX_ENER_BP_new', 'TBILL_6M.Bank_rate', 'CAN_EQTY_NETFLOW_lag1', 'TSX_HI_lag1']"
35,2015-07-01,0.0004428859468367722,0.00038023793333333077,0.00038023793333333077,0.9758638708756726,"['target', 'CAN_EQTY_NETFLOW_lag1', 'CAN_US_SEC_NETFLOW_lag1', 'TBILL_6M.Bank_rate_lag1', 'IPPI_MACH_CAN_lag1', 'EX_ENER_BP_new', 'TBILL_6M.Bank_rate', 'IPPI_MACH_CAN_lag2']"
36,2015-08-01,0.0004285294108396184,0.0003918204222222198,0.0003918204222222198,0.9645377260545436,"['target', 'CAN_US_SEC_NETFLOW_lag1', 'CAN_EQTY_NETFLOW_lag1', 'TBILL_6M.Bank_rate_lag1', 'IPPI_MACH_CAN_lag1', 'IPPI_MACH_CAN_lag2', 'TBILL_6M.Bank_rate', 'TSX_HI_lag1']"
37,2015-09-01,0.00033106659574027626,0.00032949267444444584,0.00032949267444444584,0.991960238924607,"['target', 'IPPI_MACH_CAN_lag2', 'IPPI_MACH_CAN_lag1', 'CAN_US_SEC_NETFLOW_lag1', 'CAN_EQTY_NETFLOW_lag1', 'WTISPLC', 'TBILL_6M.Bank_rate', 'TBILL_6M.Bank_rate_lag3']"
38,2015-10-01,0.0003198756857325204,0.0002708793011111123,0.0002708793011111123,0.9910532929512139,"['target', 'IPPI_MACH_CAN_lag2', 'CAN_US_SEC_NETFLOW_lag1', 'CAN_EQTY_NETFLOW_lag1', 'IPPI_MACH_CAN_lag1', 'TBILL_6M.Bank_rate', 'TBILL_6M.Bank_rate_lag1', 'WTISPLC']"
39,2015-11-01,0.0002068353238480877,0.00014893505555555606,0.00014893505555555606,0.9963250044708276,"['target', 'IPPI_MACH_CAN_lag2', 'IPPI_MACH_CAN_lag1', 'CAN_EQTY_NETFLOW_lag1', 'CAN_US_SEC_NETFLOW_lag1', 'WTISPLC', 'TBILL_6M.Bank_rate', 'IPPI_ENER_CAN']"
40,2015-12-01,0.00011906094196001681,0.00010249970237837952,0.00010249970237837952,0.9904687951205023,"['target', 'IPPI_MACH_CAN_lag2', 'IPPI_MACH_CAN_lag1', 'WTISPLC', 'CAN_EQTY_NETFLOW_lag1', 'CAN_US_SEC_NETFLOW_lag1', 'IPPI_MOTOR_CAN_lag2', 'IPPI_ENER_CAN']"
41,2016-01-01,0.00011906094196001681,0.00010249970237837952,0.00010249970237837952,0.9969327868766976,"['target', 'IPPI_MACH_CAN_lag2', 'IPPI_MACH_CAN_lag1', 'TBILL_6M.Bank_rate', 'WTISPLC', 'CAN_EQTY_NETFLOW_lag1', 'CAN_US_SEC_NETFLOW_lag1', 'IPPI_ENER_CAN']"
42,2016-02-01,0.0003245072448613146,0.00030249022222222227,0.00030249022222222227,0.9895802919244825,"['target', 'IPPI_MACH_CAN_lag2', 'IPPI_MACH_CAN_lag1', 'TBILL_6M.Bank_rate', 'TBILL_6M.Bank_rate_lag1', 'CAN_EQTY_NETFLOW_lag1', 'WTISPLC', 'CAN_US_SEC_NETFLOW_lag1']"
43,2016-03-01,0.00033006611316528867,0.0002928649999999998,0.0002928649999999998,0.9938858109798976,"['target', 'IPPI_MACH_CAN_lag2', 'TBILL_6M.Bank_rate', 'TBILL_6M.Bank_rate_lag1', 'IPPI_MACH_CAN_lag1', 'TBILL_6M', 'CAN_US_SEC_NETFLOW_lag1', 'TBILL_6M.Bank_rate_lag2']"
44,2016-04-01,0.0003189457064827657,0.00026441249999999833,0.00026441249999999833,0.992111776379298,"['target', 'IPPI_MACH_CAN_lag2', 'TBILL_6M.Bank_rate', 'TBILL_6M.Bank_rate_lag1', 'TBILL_6M.Bank_rate_lag2', 'IPPI_MACH_CAN_lag1', 'TBILL_6M', 'TBILL_6M.Bank_rate_lag3']"
45,2016-05-01,0.0006893690430230696,0.0004835116944444452,0.0004835116944444452,0.9645377260545436,"['target', 'IPPI_MACH_CAN_lag2', 'TBILL_6M.Bank_rate', 'TBILL_6M.Bank_rate_lag1', 'TBILL_6M', 'IPPI_MACH_CAN_lag1', 'TBILL_6M_lag1', 'CAN_US_SEC_NETFLOW_lag1']"
46,2016-06-01,0.0006893690430230696,0.0004835116944444452,0.0004835116944444452,0.9645377260545436,"['target', 'IPPI_MACH_CAN_lag2', 'TBILL_6M.Bank_rate', 'TBILL_6M.Bank_rate_lag1', 'TBILL_6M', 'TBILL_6M_lag1', 'IPPI_MACH_CAN_lag1', 'TSX_HI_lag1']"
47,2016-07-01,0.0006893690430230696,0.0004835116944444452,0.0004835116944444452,0.9645377260545436,"['target', 'IPPI_MACH_CAN_lag2', 'TBILL_6M.Bank_rate', 'TBILL_6M.Bank_rate_lag1', 'TBILL_6M', 'TBILL_6M_lag1', 'CAN_US_SEC_NETFLOW_lag1', 'TSX_HI_lag1']"
48,2016-08-01,0.000253416114522691,0.0002097973222222224,0.0002097973222222224,0.9957305527577103,"['target', 'IPPI_MACH_CAN_lag2', 'TBILL_6M.Bank_rate_lag1', 'TBILL_6M.Bank_rate', 'IPPI_MOTOR_CAN_lag2', 'TBILL_6M', 'WTISPLC_lag1', 'TBILL_6M.Bank_rate_lag2']"
49,2016-09-01,0.00020487719223753084,0.0001752872600000005,0.0001752872600000005,0.9969327868766976,"['target', 'IPPI_MACH_CAN_lag2', 'IPPI_MOTOR_CAN_lag2', 'USDCAD_new_lag2', 'TBILL_6M.Bank_rate_lag2', 'TBILL_6M.Bank_rate_lag1', 'WTISPLC_lag1', 'BANK_RATE_L']"
50,2016-10-01,0.0001803834840834734,0.0001408191544444458,0.0001408191544444458,0.990675864382299,"['target', 'IPPI_MACH_CAN_lag2', 'IPPI_MOTOR_CAN_lag2', 'USDCAD_new_lag2', 'TBILL_6M.Bank_rate', 'WTISPLC_lag1', 'EMP_CAN', 'TBILL_6M.Bank_rate_lag2']"
51,2016-11-01,0.00011906094196001681,0.00010249970237837952,0.00010249970237837952,0.9969327868766976,"['target', 'IPPI_MACH_CAN_lag2', 'IPPI_MOTOR_CAN_lag2', 'USDCAD_new_lag2', 'Army_lag1', 'WTISPLC_lag1', 'EMP_FOR_OIL_CAN', 'TBILL_6M.Bank_rate']"
52,2016-12-01,0.00011906094196001681,0.00010249970237837952,0.00010249970237837952,0.9966569020160312,"['target', 'IPPI_MACH_CAN_lag2', 'IPPI_MOTOR_CAN_lag2', 'USDCAD_new_lag2', 'EMP_FOR_OIL_CAN', 'hstart_CAN_new_lag2', 'Army_lag1', 'UNEMP_DURA_27._CAN_lag3']"
53,2017-01-01,0.0005636032321406738,0.0004297874588888866,0.0004297874588888866,0.9645377260545436,"['target', 'IPPI_MACH_CAN_lag2', 'IPPI_MOTOR_CAN_lag2', 'Army_lag1', 'USDCAD_new_lag2', 'EMP_FOR_OIL_CAN', 'loan_lag3', 'hstart_CAN_new_lag2']"
54,2017-02-01,0.00011906094196001681,0.00010249970237837952,0.00010249970237837952,0.9969327868766976,"['target', 'UNEMP_DURA_27._CAN_lag3', 'Army_lag1', 'IPPI_MACH_CAN_lag2', 'IPPI_MOTOR_CAN_lag2', 'EOIL_BP_new', 'EX_TRANSP_BP_new_lag1', 'USDCAD_new_lag2']"
55,2017-03-01,0.0005428651885529273,0.0004274995072222211,0.0004274995072222211,0.9645377260545436,"['target', 'Army_lag1', 'UNEMP_DURA_27._CAN_lag3', 'EOIL_BP_new', 'IPPI_MOTOR_CAN_lag2', 'IPPI_MACH_CAN_lag2', 'EX_TRANSP_BP_new_lag1', 'USDCAD_new_lag2']"
56,2017-04-01,0.00024129843317341525,0.00023968132611111248,0.00023968132611111248,0.9888053271536386,"['target', 'Army_lag1', 'EOIL_BP_new', 'UNEMP_DURA_27._CAN_lag3', 'IPPI_MACH_CAN_lag2', 'loan_lag3', 'EX_TRANSP_BP_new_lag1', 'IPPI_MOTOR_CAN_lag2']"
57,2017-05-01,0.00024364724989654052,0.00024348270777777839,0.00024348270777777839,0.9900938231660743,"['target', 'Army_lag1', 'EOIL_BP_new', 'UNEMP_DURA_27._CAN_lag3', 'EX_TRANSP_BP_new_lag1', 'CRED_HOUS_cb_lag2', 'IPPI_MACH_CAN_lag2', 'loan_lag3']"
58,2017-06-01,0.00018068538933944868,0.0001638247233333286,0.0001638247233333286,0.9925376431767371,"['target', 'hstart_CAN_new_lag2', 'EOIL_BP_new', 'UNEMP_DURA_14.25_CAN_lag1', 'rental_lag2', 'Army_lag1', 'UNEMP_DURA_27._CAN_lag3', 'EX_TRANSP_BP_new_lag1']"
59,2017-07-01,0.00011906094196001681,0.00010249970237837952,0.00010249970237837952,0.9933249792463138,"['target', 'hstart_CAN_new_lag2', 'EOIL_BP_new', 'UNEMP_DURA_14.25_CAN_lag1', 'rental_lag2', 'Army_lag1', 'CRED_HOUS_cb_lag2', 'UNEMP_DURA_27._CAN_lag3']"
60,2017-08-01,0.00013249016568572442,0.00011366376888888785,0.00011366376888888785,0.9957043602241095,"['target', 'rental_lag2', 'hstart_CAN_new_lag2', 'EOIL_BP_new', 'EX_TRANSP_BP_new_lag1', 'IMP_TRANSP_BP_new_lag1', 'GOOD_HRS_CAN_lag1', 'IPPI_WOOD_CAN']"
61,2017-09-01,0.00018196524043370173,0.000150876027777778,0.000150876027777778,0.9912396185045419,"['target', 'rental_lag2', 'EOIL_BP_new', 'hstart_CAN_new_lag2', 'IPPI_WOOD_CAN', 'IMP_TRANSP_BP_new_lag1', 'EX_TRANSP_BP_new_lag1', 'GOOD_HRS_CAN_lag1']"
62,2017-10-01,0.00023175422749378082,0.00018020259777777828,0.00018020259777777828,0.9851656717995461,"['target', 'EX_TRANSP_BP_new_lag1', 'GOOD_HRS_CAN_lag1', 'rental_lag2', 'hstart_CAN_new_lag2', 'EOIL_BP_new', 'Small.business_lag1', 'IMP_TRANSP_BP_new_lag1']"
63,2017-11-01,0.00021857380122627574,0.0001769665055555569,0.0001769665055555569,0.9860525985573138,"['target', 'EX_TRANSP_BP_new_lag1', 'GOOD_HRS_CAN_lag1', 'rental_lag2', 'hstart_CAN_new_lag2', 'Small.business_lag1', 'EOIL_BP_new', 'IMP_TRANSP_BP_new_lag1']"
64,2017-12-01,0.00013870462376591852,0.000128253236666667,0.000128253236666667,0.9951167905164823,"['target', 'IMP_TRANSP_BP_new_lag1', 'EX_TRANSP_BP_new_lag1', 'GOOD_HRS_CAN_lag1', 'hstart_CAN_new_lag2', 'EOIL_BP_new', 'rental_lag2', 'CRED_BUS']"
65,2018-01-01,0.00011906094196001681,0.00010249970237837952,0.00010249970237837952,0.9969327868766976,"['target', 'IMP_TRANSP_BP_new_lag1', 'EX_TRANSP_BP_new_lag1', 'CRED_BUS', 'GOOD_HRS_CAN_lag1', 'hstart_CAN_new_lag2', 'Small.business_lag1', 'rental_lag2']"
66,2018-02-01,0.0001899381205474755,0.00015283685666666415,0.00015283685666666415,0.9936921147218317,"['target', 'GOOD_HRS_CAN_lag1', 'hstart_CAN_new_lag2', 'IMP_TRANSP_BP_new_lag1', 'EX_TRANSP_BP_new_lag1', 'IPPI_WOOD_CAN', 'Small.business_lag1', 'EMP_SERV_CAN']"
67,2018-03-01,0.00022030478774161754,0.00020138792000000015,0.00020138792000000015,0.9918799460982222,"['target', 'GOOD_HRS_CAN_lag1', 'IMP_TRANSP_BP_new_lag1', 'hstart_CAN_new_lag2', 'EX_TRANSP_BP_new_lag1', 'IPPI_WOOD_CAN', 'Small.business_lag1', 'EX_ENER_BP_new']"
68,2018-04-01,0.0003339323226993119,0.00031844831111111136,0.00031844831111111136,0.9769829267061539,"['target', 'GOOD_HRS_CAN_lag1', 'IMP_TRANSP_BP_new_lag1', 'EX_TRANSP_BP_new_lag1', 'hstart_CAN_new_lag2', 'Small.business_lag1', 'EMP_SERV_CAN', 'EX_ENER_BP_new']"
69,2018-05-01,0.00013667724979216648,0.00011816650000000137,0.00011816650000000137,0.9967071291987383,"['target', 'GOOD_HRS_CAN_lag1', 'IMP_TRANSP_BP_new_lag1', 'EX_TRANSP_BP_new_lag1', 'hstart_CAN_new_lag2', 'Small.business_lag1', 'EMP_SERV_CAN', 'IPPI_MOTOR_CAN']"
70,2018-06-01,0.00011906094196001681,0.00010249970237837952,0.00010249970237837952,0.9969327868766976,"['target', 'IMP_TRANSP_BP_new_lag1', 'GOOD_HRS_CAN_lag1', 'hstart_CAN_new_lag2', 'Small.business_lag1', 'EMP_SERV_CAN', 'IPPI_WOOD_CAN', 'IPPI_MOTOR_CAN']"
71,2018-07-01,0.0001865895801925354,0.00014890177777777928,0.00014890177777777928,0.9934053043055352,"['target', 'IMP_TRANSP_BP_new_lag1', 'GOOD_HRS_CAN_lag1', 'hstart_CAN_new_lag2', 'Small.business_lag1', 'EX_TRANSP_BP_new_lag1', 'EMP_SERV_CAN', 'IPPI_MOTOR_CAN']"
72,2018-08-01,0.00025081828068934285,0.00023405638666666633,0.00023405638666666633,0.9645377260545436,"['target', 'IMP_TRANSP_BP_new_lag1', 'Small.business_lag1', 'hstart_CAN_new_lag2', 'EMP_SERV_CAN', 'GOOD_HRS_CAN_lag1', 'WTISPLC', 'EMP_CAN']"
73,2018-09-01,0.00012600039425700158,0.00010872979999999986,0.00010872979999999986,0.9900804654855284,"['target', 'Small.business_lag1', 'EMP_SERV_CAN', 'EMP_CAN', 'IMP_TRANSP_BP_new_lag1', 'GOOD_HRS_CAN_lag1', 'EOIL_BP_new', 'hstart_CAN_new_lag2']"
74,2018-10-01,0.00011906094196001681,0.00010249970237837952,0.00010249970237837952,0.9936820073640654,"['target', 'Small.business_lag1', 'EMP_SERV_CAN', 'IMP_TRANSP_BP_new_lag1', 'EMP_CAN', 'EOIL_BP_new', 'WTISPLC', 'EX_TRANSP_BP_new_lag1']"
75,2018-11-01,0.00011906094196001681,0.00010249970237837952,0.00010249970237837952,0.9969327868766976,"['target', 'Small.business_lag1', 'EMP_SERV_CAN', 'EMP_CAN', 'IMP_TRANSP_BP_new_lag1', 'EOIL_BP_new', 'EX_TRANSP_BP_new_lag1', 'WTISPLC']"
76,2018-12-01,0.0003233394172663356,0.00024193030222221897,0.00024193030222221897,0.988023087683809,"['target', 'EMP_SERV_CAN', 'Small.business_lag1', 'EMP_CAN', 'EOIL_BP_new', 'IMP_TRANSP_BP_new_lag1', 'WTISPLC', 'IPPI_MOTOR_CAN']"
77,2019-01-01,0.00011906094196001681,0.00010895830555555633,0.00010895830555555633,0.9969327868766976,"['target', 'EMP_SERV_CAN', 'EMP_CAN', 'Small.business_lag1', 'EOIL_BP_new', 'IMP_TRANSP_BP_new_lag1', 'WTISPLC', 'IPPI_MOTOR_CAN']"
78,2019-02-01,0.00019846103521520226,0.0001652442777777772,0.0001652442777777772,0.9959043069950256,"['target', 'EMP_SERV_CAN', 'Small.business_lag1', 'EMP_CAN', 'EOIL_BP_new', 'IPPI_MOTOR_CAN', 'WTISPLC', 'Electricity_lag1']"
79,2019-03-01,0.0006893690430230696,0.0004835116944444452,0.0004835116944444452,0.9645377260545436,"['target', 'Small.business_lag1', 'EMP_SERV_CAN', 'EOIL_BP_new', 'WTISPLC', 'EMP_CAN', 'Electricity_lag1', 'IPPI_MOTOR_CAN']"
80,2019-04-01,0.0006893690430230696,0.0004835116944444452,0.0004835116944444452,0.9645377260545436,"['target', 'Small.business_lag1', 'EMP_SERV_CAN', 'GOOD_HRS_CAN_lag1', 'IMP_TRANSP_BP_new_lag1', 'EOIL_BP_new', 'EMP_CAN', 'EX_TRANSP_BP_new_lag1']"
81,2019-05-01,0.0005899075431452828,0.0003692040766666684,0.0003692040766666684,0.9810017769939054,"['target', 'Small.business_lag1', 'EMP_SERV_CAN', 'EMP_CAN', 'EOIL_BP_new', 'WTISPLC', 'GOOD_HRS_CAN_lag1', 'Electricity_lag1']"
82,2019-06-01,0.00011906094196001681,0.00010249970237837952,0.00010249970237837952,0.9969327868766976,"['target', 'EMP_SERV_CAN', 'Small.business_lag1', 'EMP_CAN', 'WTISPLC', 'EOIL_BP_new', 'EX_TRANSP_BP_new_lag1', 'Electricity_lag1']"
83,2019-07-01,0.00020658825465782015,0.0001428628716666679,0.0001428628716666679,0.9847086362749977,"['target', 'EMP_SERV_CAN', 'EMP_CAN', 'Small.business_lag1', 'WTISPLC', 'EOIL_BP_new', 'EX_TRANSP_BP_new_lag1', 'USDCAD_new']"
84,2019-08-01,0.00022222445887959072,0.00015529023666666723,0.00015529023666666723,0.9888308151600274,"['target', 'EMP_SERV_CAN', 'EMP_CAN', 'EMP_SALES_CAN', 'Electricity_lag1', 'WTISPLC', 'USDCAD_new', 'IMP_TRANSP_BP_new_lag1']"
85,2019-09-01,0.00022798699555170955,0.0001954529155555556,0.0001954529155555556,0.9895373253159868,"['target', 'EMP_SERV_CAN', 'Electricity_lag1', 'IMP_TRANSP_BP_new_lag1', 'EMP_SALES_CAN', 'EMP_CAN', 'WTISPLC', 'IPPI_MOTOR_CAN']"
86,2019-10-01,0.00011906094196001681,0.00010249970237837952,0.00010249970237837952,0.9958700263356656,"['target', 'EMP_SERV_CAN', 'Electricity_lag1', 'WTISPLC', 'EOIL_BP_new', 'IMP_TRANSP_BP_new_lag1', 'EMP_SALES_CAN', 'EMP_CAN']"
87,2019-11-01,0.00015845800515427297,0.0001355385566666674,0.0001355385566666674,0.9874396701580709,"['target', 'EMP_SERV_CAN', 'WTISPLC', 'EOIL_BP_new', 'Electricity_lag1', 'EMP_SALES_CAN', 'IMP_TRANSP_BP_new_lag1', 'EMP_CAN']"
88,2019-12-01,0.00014839662403448182,0.00013613175555555676,0.00013613175555555676,0.9849557413299074,"['target', 'EMP_SERV_CAN', 'Electricity_lag1', 'WTISPLC', 'EOIL_BP_new', 'IMP_TRANSP_BP_new_lag1', 'Small.business_lag1', 'EMP_CAN']"
89,2020-01-01,0.00011906094196001681,0.00010249970237837952,0.00010249970237837952,0.9927108970801172,"['target', 'EMP_SERV_CAN', 'Electricity_lag1', 'IMP_TRANSP_BP_new_lag1', 'WTISPLC', 'EOIL_BP_new', 'EMP_CAN', 'Small.business_lag1']"
90,2020-02-01,0.00011906094196001681,0.00010527596777777691,0.00010527596777777691,0.9856645948614168,"['target', 'EMP_SERV_CAN', 'Electricity_lag1', 'WTISPLC', 'IMP_TRANSP_BP_new_lag1', 'EOIL_BP_new', 'Small.business_lag1', 'EMP_CAN']"
91,2020-03-01,0.0006893690430230696,0.0004835116944444452,0.0004835116944444452,0.9645377260545436,"['target', 'EMP_SERV_CAN', 'WTISPLC', 'IMP_TRANSP_BP_new_lag1', 'Electricity_lag1', 'EOIL_BP_new', 'EMP_CAN', 'Small.business_lag1']"
92,2020-04-01,0.0006893690430230696,0.0004835116944444452,0.0004835116944444452,0.9645377260545436,"['target', 'EMP_SERV_CAN', 'Electricity_lag1', 'WTISPLC', 'IMP_TRANSP_BP_new_lag1', 'EOIL_BP_new', 'Small.business_lag1', 'UNEMP_CAN']"
93,2020-05-01,0.0006893690430230696,0.0004835116944444452,0.0004835116944444452,0.9645377260545436,"['target', 'EMP_SERV_CAN', 'IMP_TRANSP_BP_new_lag1', 'Electricity_lag1', 'WTISPLC', 'Small.business_lag1', 'EOIL_BP_new', 'UNEMP_CAN']"
94,2020-06-01,0.0006893690430230696,0.0004835116944444452,0.0004835116944444452,0.9645377260545436,"['target', 'EMP_SERV_CAN', 'UNEMP_CAN', 'Electricity_lag1', 'IMP_TRANSP_BP_new_lag1', 'WTISPLC', 'EMP_CAN', 'Small.business_lag1']"
95,2020-07-01,0.0006893690430230696,0.0004835116944444452,0.0004835116944444452,0.9645377260545436,"['target', 'EMP_SERV_CAN', 'Electricity_lag1', 'WTISPLC', 'UNEMP_CAN', 'Small.business_lag1', 'IMP_TRANSP_BP_new_lag1', 'Electricity_lag2']"
96,2020-08-01,0.0006893690430230696,0.0004835116944444452,0.0004835116944444452,0.9645377260545436,"['target', 'EMP_SERV_CAN', 'Electricity_lag1', 'Electricity_lag2', 'UNEMP_CAN', 'WTISPLC', 'IMP_TRANSP_BP_new_lag1', 'Small.business_lag1']"
97,2020-09-01,0.0006893690430230696,0.0004835116944444452,0.0004835116944444452,0.9645377260545436,"['target', 'Electricity_lag1', 'EMP_SERV_CAN', 'WTISPLC', 'Electricity_lag2', 'EOIL_BP_new', 'CAN_US_SEC_NETFLOW_lag1', 'Small.business_lag1']"
98,2020-10-01,0.0006893690430230696,0.0004835116944444452,0.0004835116944444452,0.9645377260545436,"['target', 'Electricity_lag1', 'Electricity_lag2', 'EMP_SERV_CAN', 'WTISPLC', 'IMP_TRANSP_BP_new_lag1', 'Small.business_lag1', 'UNEMP_CAN']"
99,2020-11-01,0.0006893690430230696,0.0004835116944444452,0.0004835116944444452,0.9857770120744613,"['target', 'Electricity_lag1', 'EMP_SERV_CAN', 'WTISPLC', 'Electricity_lag2', 'Small.business_lag1', 'EOIL_BP_new', 'IMP_TRANSP_BP_new_lag1']"
100,2020-12-01,0.0006632998512160273,0.0004437504222222233,0.0004437504222222233,0.9788727595615059,"['target', 'Electricity_lag1', 'EMP_SERV_CAN', 'Electricity_lag2', 'WTISPLC', 'Small.business_lag1', 'IMP_TRANSP_BP_new_lag1', 'EOIL_BP_new']"
101,2021-01-01,0.0006893690430230696,0.0004835116944444452,0.0004835116944444452,0.9778130991513745,"['target', 'Electricity_lag1', 'EMP_SERV_CAN', 'WTISPLC', 'Electricity_lag2', 'Small.business_lag1', 'IMP_TRANSP_BP_new_lag1', 'EOIL_BP_new']"
102,2021-02-01,0.00011906094196001681,0.00010249970237837952,0.00010249970237837952,0.9969327868766976,"['target', 'Electricity_lag1', 'WTISPLC', 'EMP_SERV_CAN', 'Electricity_lag2', 'IMP_TRANSP_BP_new_lag1', 'Small.business_lag1', 'EOIL_BP_new']"
103,2021-03-01,0.0006893690430230696,0.0004835116944444452,0.0004835116944444452,0.9645377260545436,"['target', 'Electricity_lag1', 'WTISPLC', 'Electricity_lag2', 'EOIL_BP_new', 'EMP_SERV_CAN', 'Small.business_lag1', 'IMP_TRANSP_BP_new_lag1']"
104,2021-04-01,0.0006893690430230696,0.0004835116944444452,0.0004835116944444452,0.9645377260545436,"['target', 'Electricity_lag1', 'WTISPLC', 'EOIL_BP_new', 'Small.business_lag1', 'EMP_SERV_CAN', 'Electricity_lag2', 'IMP_TRANSP_BP_new_lag1']"
105,2021-05-01,0.0006893690430230696,0.0004835116944444452,0.0004835116944444452,0.9645377260545436,"['target', 'WTISPLC', 'EOIL_BP_new', 'Electricity_lag1', 'IMP_TRANSP_BP_new_lag1', 'Electricity_lag2', 'Small.business_lag1', 'EMP_SERV_CAN']"
106,2021-06-01,0.0006893690430230696,0.0004835116944444452,0.0004835116944444452,0.9645377260545436,"['target', 'Electricity_lag1', 'EOIL_BP_new', 'WTISPLC', 'Electricity_lag2', 'Small.business_lag1', 'TSX_HI', 'EMP_SALES_CAN_lag2']"
107,2021-07-01,0.0005272082275756738,0.0004301351111111128,0.0004301351111111128,0.990843167172956,"['target', 'Electricity_lag1', 'EOIL_BP_new', 'WTISPLC', 'Small.business_lag1', 'EMP_SERV_CAN', 'IMP_TRANSP_BP_new_lag1', 'TSX_HI']"
108,2021-08-01,0.00020710818419295048,0.00016967731666666755,0.00016967731666666755,0.9969327868766976,"['target', 'Electricity_lag1', 'EOIL_BP_new', 'WTISPLC', 'EMP_SERV_CAN', 'IMP_TRANSP_BP_new_lag1', 'Small.business_lag1', 'Electricity_lag2']"
